Workbook

Sheet Описание
A1: Универсальный шаблон Excel для оперативного тестирования.
A2: Автор: Жмудь Александр Аркадьевич
A3: Аннотация: Предлагается простой универсальный шаблон Excel для оперативного создания тестов и автоматизированного тестирования обучающихся по произвольной тематике. Шаблон состоит из 7 вопросов, на которые предлагаются от 3 до 5 ответов. Тестирование может производиться с использованием компьютера (при этом оценка проставляется автоматически), либо по бумажному носителю.
A5: Описание: Шаблон состоит из 3 листов Excel версии Офис-2007: 1-й лист - это данное описание; 2-й лист - "Тест" для электронного тестирования; 3-й лист - "Настройка", предназначен для изменения заданий и ответов, указания их уровня (количество баллов за конкретный ответ), автоматизации оценивания результатов теста листа "Тест", и может быть распечатан для тестирования обучающихся по бумажным носителям. Все изменения на листе "Настройка" автоматически переносятся на лист "Тест".
A6: Лист "Тест" защищен паролем "тест", набранном на клавиатуре в режиме "EN" (латиница). При автоматизированном тестировании, пароль лучше сменить (правая кнопка мышки при наведенном курсоре на название листа внизу экрана- Рис.1, Снять защиту листа, а затем Защитить лист новым паролем).
A7: При тестировании на компьютере разрешение монитора следует установить 1280х1024. В этом случае весь тест будет нормально отображаться на экране монитора. Обучающийся выбирает варианты ответов из раскрывающихся списков и оценка проставляется автоматически (видна только при распечатке, либо в режиме предварительного просмотра).
A8: При тестировании на компьютере: скройте столбец "E" за столбцом "D" (Рис. 2) и Защитите лист паролем!
A9: При тестировании на компьютере: Удалите страницу "Описание" (оставьте её только на своей копии файла)!
A10: Для тестирования по бумажным носителям, распечатайте первый лист страницы "Настройка".
A11: Данный тест используется уже более 10 лет для оперативной подготовки тестов для тестирования обучающихся в различных целях (был разработан в более ранних версиях Excel).
A13: Источники:
A14: 1. Все об Excel. http://4excel.ru/index.php

Sheet Тест
A1: =Настройка!B1 -> Примерный тест, по различным предметам
A2: Учреждение: | C2: =Настройка!B2 -> Школа № 7
A3: Разработчик: | C3: =Настройка!B3 -> Иванова О.А.
D4: Класс: | E4: 7-Б | F4: Ф.И.О. ученика: | H4: Петров Павел
A5: № п/п | B5: Вопрос
A6: 1 | B6: =Настройка!B7 -> Слон это:
A9: 2 | B9: =Настройка!B11 -> Быстрее всех движется:
A15: 3 | B15: =Настройка!B17 -> Число (1/3) - это
A20: 4 | B20: Н2О - это:
A24: 5 | B24: =Настройка!B26 -> Автор произведения: "Левый марш"
A29: 6 | B29: =Настройка!B31 -> Число (-7) это:
A33: 7 | B33: =Настройка!B35 -> Оказать 1-ю медицинскую помощь - это:
G49: Оценка: | H49: =Настройка!I37 -> 5

Sheet Настройка
A1: Название: | B1: Примерный тест, по различным предметам
A2: Учреждение: | B2: Школа № 7
A3: Разработчик: | B3: Иванова О.А.
C4: Класс:______ ФИО:_____________________ | J4: FALSE
A5: № п/п | B5: Вопрос | D5: Варианты ответа | E5: Проставьте баллы за каждый из ответов
A7: 1 | B7: Слон это: | D7: Птица | E7: 2 | H7: 4 | I7: =IF(H7=4,E9,IF(H7=3,E8,IF(H7=2,E7,0))) -> 5 | J7: =IF(I7>2,1,0) -> 1
D8: Рыба | E8: 2
D9: Животное | E9: 5
A11: 2 | B11: Быстрее всех движется: | D11: Велосипедист | E11: 2 | H11: 4 | I11: =IF(H11=6,E15,IF(H11=5,E14,IF(H11=4,E13,IF(H11=3,E12,IF(H11=2,E11,0))))) -> 5 | J11: =IF(I11>2,1,0) -> 1
D12: Автомобиль | E12: 3
D13: Ракета | E13: 5
D14: Самолет | E14: 4
D15: Электропоезд | E15: 3
A17: 3 | B17: Число (1/3) - это | D17: иррациональное число | E17: 2 | H17: 4 | I17: =IF(H17=5,E20,IF(H17=4,E19,IF(H17=3,E18,IF(H17=2,E17,0)))) -> 5 | J17: =IF(I17>2,1,0) -> 1
D18: периодическая дробь | E18: 4
D19: бесконечная периодическая дробь | E19: 5
D20: рациональное число | E20: 4
A22: 4 | B22: Н2О - это: | D22: обозначение атома воды | E22: 3 | H22: 3 | I22: =IF(H22=4,E24,IF(H22=3,E23,IF(H22=2,E22,0))) -> 5 | J22: =IF(I22>2,1,0) -> 1
D23: обозначение молекулы воды | E23: 5
D24: что-то из химии | E24: 2
A26: 5 | B26: Автор произведения: "Левый марш" | D26: А. Блок | E26: 2 | H26: 5 | I26: =IF(H26=5,E29,IF(H26=4,E28,IF(H26=3,E27,IF(H26=2,E26,0)))) -> 5 | J26: =IF(I26>2,1,0) -> 1
D27: С. Есенин | E27: 2
D28: А. Розенбаум | E28: 2
D29: В. Маяковский | E29: 5
A31: 6 | B31: Число (-7) это: | D31: натуральное число | E31: 5 | H31: 4 | I31: =IF(H31=4,E33,IF(H31=3,E32,IF(H31=2,E31,0))) -> 4 | J31: =IF(I31>2,1,0) -> 1
D32: действительное число | E32: 2
D33: отрицательное целое число | E33: 4
A35: 7 | B35: Оказать 1-ю медицинскую помощь - это: | D35: Вызвать скорую помощь | E35: 3 | H35: 4 | I35: =IF(H35=4,E37,IF(H35=3,E36,IF(H35=2,E35,0))) -> 5 | J35: =IF(I35>2,1,0) -> 1
D36: Сделать искуственное дыхание | E36: 3 | I36: =SUM(I7:I35) -> 34 | J36: =SUM(J7:J35) -> 7 | K36: =IF(J36<6,2,3) -> 3
D37: Ряд медицинских действий | E37: 5 | H37: Оценка: | I37: =ROUND(IF(J36=7,I36/7,K36),0) -> 5
